instant,season,yr,mnth,holiday,weekday,workingday,weathersit,temp,atemp,hum,windspeed,cnt
1,spring,2011.0,January,no,Saturday,no,Cloudy,4.110847,3.1812499999999986,80.58330000000001,10.749882,985
2,spring,2011.0,January,no,Sunday,no,Cloudy,4.902598000000001,2.686950000000003,69.6087,16.652113,801
3,spring,2011.0,January,no,Monday,yes,Clear,-1.9490759999999998,-5.52975,43.7273,16.636703,1349
4,spring,2011.0,January,no,Tuesday,yes,Clear,-1.799999999999999,-4.3939,59.0435,10.739832,1562
5,spring,2011.0,January,no,Wednesday,yes,Clear,-0.694763,-3.5365,43.695699999999995,12.522300000000001,1600
6,spring,2011.0,January,no,Thursday,yes,Clear,-1.6217319999999997,-3.339549999999999,51.8261,6.0008684,1606
7,spring,2011.0,January,no,Friday,yes,Cloudy,-1.9425980000000003,-4.55805,49.8696,11.304642,1510
8,spring,2011.0,January,no,Saturday,no,Cloudy,-3.2349999999999994,-6.8873,53.5833,17.875868,959
9,spring,2011.0,January,no,Sunday,no,Clear,-4.328347000000004,-9.19125,43.416700000000006,24.25065,822
10,spring,2011.0,January,no,Monday,yes,Clear,-3.8158469999999998,-7.4556000000000004,48.2917,14.958889,1321
11,spring,2011.0,January,no,Tuesday,yes,Cloudy,-3.0672690000000005,-5.4268,68.63640000000001,8.182844000000001,1263
12,spring,2011.0,January,no,Wednesday,yes,Clear,-2.9181930000000005,-6.97635,59.954499999999996,20.410009,1162
13,spring,2011.0,January,no,Thursday,yes,Clear,-3.2349999999999994,-7.455850000000001,47.0417,20.166999999999998,1406
14,spring,2011.0,January,no,Friday,yes,Clear,-3.40433,-5.57935,53.7826,8.478716,1421
15,spring,2011.0,January,no,Saturday,no,Cloudy,-0.4333469999999995,-2.5944000000000003,49.875,10.583521,1248
16,spring,2011.0,January,no,Sunday,no,Clear,-0.5016529999999992,-3.2891499999999994,48.375,12.625010999999999,1204
17,spring,2011.0,January,yes,Monday,no,Cloudy,-2.7908470000000003,-6.1614499999999985,53.75,12.999139,1000
18,spring,2011.0,January,no,Tuesday,yes,Cloudy,-1.1166529999999995,-3.38335,86.16669999999999,9.833924999999999,683
19,spring,2011.0,January,no,Wednesday,yes,Cloudy,1.9791340000000002,-0.07889999999999908,74.1739,13.957239,1650
20,spring,2011.0,January,no,Thursday,yes,Cloudy,0.7283469999999994,-2.2475000000000005,53.833299999999994,13.125568,1927
21,spring,2011.0,January,no,Friday,yes,Clear,-2.7225,-7.10835,45.7083,23.667214,1543
22,spring,2011.0,January,no,Saturday,no,Clear,-7.5756536,-11.04652,40.0,11.52199,981
23,spring,2011.0,January,no,Sunday,no,Clear,-6.0426103,-10.058045,43.6522,16.5222,986
24,spring,2011.0,January,no,Monday,yes,Clear,-6.0069567,-9.1035,49.173899999999996,10.60811,1416
25,spring,2011.0,January,no,Tuesday,yes,Cloudy,-0.8374019999999991,-3.2737,61.695699999999995,8.696332,1985
26,spring,2011.0,January,no,Wednesday,yes,Rain/snow,-1.0824999999999996,-4.82,86.25,19.68795,506
27,spring,2011.0,January,no,Thursday,yes,Clear,-2.005,-4.015000000000001,68.75,7.627078999999999,431
28,spring,2011.0,January,no,Friday,yes,Cloudy,-1.6574020000000012,-3.834150000000001,79.30430000000001,8.2611,1167
29,spring,2011.0,January,no,Saturday,no,Clear,-1.9425980000000003,-4.393699999999999,65.1739,9.739455,1098
30,spring,2011.0,January,no,Sunday,no,Clear,-1.122598,-2.4839,72.2174,4.956834199999999,1096
31,spring,2011.0,January,no,Monday,yes,Cloudy,-2.5858470000000002,-5.6875,60.375,12.541864,1501
32,spring,2011.0,February,no,Tuesday,yes,Cloudy,-2.1208659999999995,-3.2735000000000003,82.9565,3.565271,1360
33,spring,2011.0,February,no,Wednesday,yes,Cloudy,0.6600000000000001,-2.2791499999999996,77.5417,17.708636,1526
34,spring,2011.0,February,no,Thursday,yes,Clear,-2.3347629999999997,-6.1061,43.78260000000001,18.609384,1550
35,spring,2011.0,February,no,Friday,yes,Cloudy,-1.3365360000000006,-3.5706499999999988,58.521699999999996,8.565213,1708
36,spring,2011.0,February,no,Saturday,no,Cloudy,-0.4333469999999995,-2.847100000000001,92.91669999999999,10.792293,1005
37,spring,2011.0,February,no,Sunday,no,Clear,1.7191530000000004,-0.4164499999999993,56.833299999999994,9.5006,1623
38,spring,2011.0,February,no,Monday,yes,Clear,1.1383469999999996,0.18290000000000006,73.83330000000001,3.0423561,1712
39,spring,2011.0,February,no,Tuesday,yes,Clear,-0.9458470000000005,-5.0877,53.7917,24.25065,1530
40,spring,2011.0,February,no,Wednesday,yes,Cloudy,-4.473897000000001,-7.78585,49.4783,12.652213,1605
41,spring,2011.0,February,no,Thursday,yes,Clear,-4.081732,-7.522600000000001,43.7391,14.869645,1538
42,spring,2011.0,February,no,Friday,yes,Clear,-2.2472689999999993,-4.32455,50.6364,7.272849999999999,1746
43,spring,2011.0,February,no,Saturday,no,Clear,-0.8774999999999995,-3.3522999999999996,54.4167,13.625589,1472
44,spring,2011.0,February,no,Sunday,no,Clear,2.9774020000000014,1.2056499999999986,45.7391,17.479160999999998,1589
45,spring,2011.0,February,no,Monday,yes,Clear,7.015000000000001,4.9175,37.583299999999994,27.999836,1913
46,spring,2011.0,February,no,Tuesday,yes,Clear,0.9095670000000009,-2.2863000000000007,31.434800000000003,19.522058,1815
47,spring,2011.0,February,no,Wednesday,yes,Clear,3.048701000000001,0.8099999999999987,42.3478,16.869996999999998,2115
48,spring,2011.0,February,no,Thursday,yes,Clear,7.869153000000001,6.4329,50.5,15.416968,2475
49,spring,2011.0,February,no,Friday,yes,Clear,11.388347,10.599149999999998,51.6667,17.749975000000003,2927
50,spring,2011.0,February,no,Saturday,no,Clear,6.365846999999999,4.5702,18.7917,34.000021,1635
51,spring,2011.0,February,no,Sunday,no,Clear,1.6938969999999998,-1.1334999999999997,40.7826,14.956745,1812
52,spring,2011.0,February,yes,Monday,no,Cloudy,2.4366530000000015,-0.7962499999999988,60.5,20.625682,1107
53,spring,2011.0,February,no,Tuesday,yes,Clear,-2.528898,-5.69835,57.7778,13.110761,1450
54,spring,2011.0,February,no,Wednesday,yes,Clear,-0.9087010000000006,-2.71415,42.3043,6.3055710000000005,1917
55,spring,2011.0,February,no,Thursday,yes,Cloudy,2.1217320000000015,-0.5404500000000017,69.7391,16.783231999999998,1807
56,spring,2011.0,February,no,Friday,yes,Cloudy,4.938268000000001,2.5230500000000013,71.2174,23.218113,1461
57,spring,2011.0,February,no,Saturday,no,Clear,1.5824999999999996,-0.8903999999999996,53.7917,12.125057,1969
58,spring,2011.0,February,no,Sunday,no,Clear,4.082598000000001,2.5554500000000004,68.0,8.391615999999999,2402
59,spring,2011.0,February,no,Monday,yes,Cloudy,6.698193,5.005899999999997,87.6364,19.408962,1446
60,spring,2011.0,March,no,Tuesday,yes,Clear,0.9333469999999995,-1.8060500000000008,53.5,14.500475,1851
61,spring,2011.0,March,no,Wednesday,yes,Clear,3.735000000000001,1.0035500000000006,44.9583,20.624811,2134
62,spring,2011.0,March,no,Thursday,yes,Clear,-1.868347,-4.9933499999999995,31.833299999999998,15.125518000000001,1685
63,spring,2011.0,March,no,Friday,yes,Cloudy,0.7283469999999994,-2.216050000000001,61.0417,13.624182,1944
64,spring,2011.0,March,no,Saturday,no,Cloudy,5.7508469999999985,3.9389499999999984,78.91669999999999,16.875357,2077
65,spring,2011.0,March,no,Sunday,no,Cloudy,5.4374020000000005,3.3125999999999998,94.8261,23.000229,605
66,spring,2011.0,March,no,Monday,yes,Clear,0.7312989999999999,-3.07695,55.1304,22.870584,1872
67,spring,2011.0,March,no,Tuesday,yes,Clear,1.9924999999999997,0.120000000000001,42.0833,8.083549999999999,2133
68,spring,2011.0,March,no,Wednesday,yes,Cloudy,2.1291530000000005,-0.6696000000000009,77.5417,14.750050000000002,1891
69,spring,2011.0,March,no,Thursday,yes,Rain/snow,5.952731,4.2834,0.0,17.545759,623
70,spring,2011.0,March,no,Friday,yes,Cloudy,2.9774020000000014,0.25,64.95649999999999,15.60899,1977
71,spring,2011.0,March,no,Saturday,no,Clear,3.4958469999999995,1.2874999999999979,59.458299999999994,14.791924999999999,2132
72,spring,2011.0,March,no,Sunday,no,Clear,5.758268000000001,4.004550000000002,52.73909999999999,18.130468,2417
73,spring,2011.0,March,no,Monday,yes,Clear,3.3338969999999986,1.6000000000000014,49.695699999999995,9.174042,2046
74,spring,2011.0,March,no,Tuesday,yes,Cloudy,3.013031,0.9089000000000009,65.5652,12.348703,2056
75,spring,2011.0,March,no,Wednesday,yes,Cloudy,4.973897000000001,3.346499999999999,77.65220000000001,13.608839,2192
76,spring,2011.0,March,no,Thursday,yes,Clear,7.015000000000001,5.5166499999999985,60.291700000000006,14.041792999999998,2744
77,spring,2011.0,March,no,Friday,yes,Clear,12.14,11.350450000000002,52.5217,15.478139,3239
78,spring,2011.0,March,no,Saturday,no,Clear,9.372499999999999,8.326250000000002,37.9167,24.667189,3117
79,spring,2011.0,March,no,Sunday,no,Clear,3.6325000000000003,1.2874999999999979,47.375,13.917307,2471
80,summer,2011.0,March,no,Monday,yes,Cloudy,7.647835000000001,5.486750000000001,73.73910000000001,19.348461,2077
81,summer,2011.0,March,no,Tuesday,yes,Clear,8.108346999999998,7.0321,62.4583,15.125250000000001,2703
82,summer,2011.0,March,no,Wednesday,yes,Cloudy,4.225237,1.8969500000000004,83.9565,12.125057,2121
83,summer,2011.0,March,no,Thursday,yes,Cloudy,1.6849999999999987,-1.4583500000000011,80.58330000000001,16.333729,1865
84,summer,2011.0,March,no,Friday,yes,Clear,0.8308469999999986,-2.1844,49.5,15.458575000000002,2210
85,summer,2011.0,March,no,Saturday,no,Clear,0.8991530000000001,-2.1214499999999994,39.4167,14.041257,2496
86,summer,2011.0,March,no,Sunday,no,Cloudy,0.3747630000000015,-2.4830500000000004,49.3913,12.348099999999999,1693
87,summer,2011.0,March,no,Monday,yes,Clear,0.8382680000000011,-2.121299999999998,30.2174,14.217668,2028
88,summer,2011.0,March,no,Tuesday,yes,Clear,2.4025,-0.3545999999999996,31.4167,15.208732,2425
89,summer,2011.0,March,no,Wednesday,yes,Cloudy,2.299999999999999,-0.13250000000000028,64.6667,11.583495999999998,1536
90,summer,2011.0,March,no,Thursday,yes,Rain/snow,1.0016529999999992,-2.12125,91.8333,14.582282000000001,1685
91,summer,2011.0,April,no,Friday,yes,Cloudy,2.299999999999999,-0.827300000000001,68.625,17.333436,2227
92,summer,2011.0,April,no,Saturday,no,Cloudy,2.915000000000001,0.7818500000000004,65.375,13.208782,2252
93,summer,2011.0,April,no,Sunday,no,Clear,5.511652999999999,3.93835,48.0,12.208271000000002,3249
94,summer,2011.0,April,no,Monday,yes,Clear,13.506653,12.146450000000002,42.625,25.833257,3115
95,summer,2011.0,April,no,Tuesday,yes,Cloudy,6.980847000000001,4.9175,64.2083,26.000488999999998,1795
96,summer,2011.0,April,no,Wednesday,yes,Clear,6.024152999999998,4.380400000000002,47.0833,17.625221,2808
97,summer,2011.0,April,no,Thursday,yes,Clear,7.9375,6.684800000000003,60.291700000000006,10.874903999999994,3141
98,summer,2011.0,April,no,Friday,yes,Cloudy,3.7691529999999993,1.223950000000002,83.625,15.208464,1471
99,summer,2011.0,April,no,Saturday,no,Cloudy,4.0425,2.0764500000000012,87.75,8.916560999999993,2455
100,summer,2011.0,April,no,Sunday,no,Cloudy,7.493347,6.336849999999998,85.75,9.833389,2895
101,summer,2011.0,April,no,Monday,yes,Cloudy,14.421732000000002,13.260849999999998,71.6956,21.739758,3348
102,summer,2011.0,April,no,Tuesday,yes,Cloudy,10.6025,9.6527,73.9167,18.416892999999998,2034
103,summer,2011.0,April,no,Wednesday,yes,Cloudy,6.912499999999998,5.864150000000002,81.91669999999999,16.791338999999997,2162
104,summer,2011.0,April,no,Thursday,yes,Clear,9.1675,8.1371,54.041700000000006,7.4169,3267
105,summer,2011.0,April,yes,Friday,no,Clear,8.313347,7.095649999999999,67.125,15.167124999999999,3126
106,summer,2011.0,April,no,Saturday,no,Rain/snow,7.664153000000002,6.2745999999999995,88.83330000000001,22.834136,795
107,summer,2011.0,April,no,Sunday,no,Clear,8.723347,7.284800000000001,47.9583,20.334232,3744
108,summer,2011.0,April,no,Monday,yes,Clear,11.0125,10.1573,54.25,10.958988999999999,3429
109,summer,2011.0,April,no,Tuesday,yes,Cloudy,10.739152999999998,9.462900000000001,66.5833,10.584057,3204
110,summer,2011.0,April,no,Wednesday,yes,Clear,14.395,13.2196,61.4167,16.208975,3944
111,summer,2011.0,April,no,Thursday,yes,Clear,8.825847,7.694600000000001,40.708299999999994,21.792286,4189
112,summer,2011.0,April,no,Friday,yes,Cloudy,3.8033470000000005,1.0976999999999997,72.9583,14.707906999999999,1683
113,summer,2011.0,April,no,Saturday,no,Cloudy,8.86,7.506049999999998,88.79169999999999,15.458575000000002,4036
114,summer,2011.0,April,no,Sunday,no,Cloudy,13.848347,12.588149999999999,81.08330000000001,12.875725000000001,4191
115,summer,2011.0,April,no,Monday,yes,Clear,14.873346999999999,13.725000000000001,77.6667,12.417311,4073
116,summer,2011.0,April,no,Tuesday,yes,Clear,15.898346999999998,14.704150000000002,72.9167,21.875500000000002,4400
117,summer,2011.0,April,no,Wednesday,yes,Cloudy,15.419999999999998,13.757100000000001,83.54169999999999,20.917399999999997,3872
118,summer,2011.0,April,no,Thursday,yes,Cloudy,15.317500000000003,13.946450000000002,70.08330000000001,21.500836000000003,4058
119,summer,2011.0,April,no,Friday,yes,Clear,10.91,9.873149999999999,45.7083,16.084221,4595
120,summer,2011.0,April,no,Saturday,no,Clear,9.372499999999999,8.201050000000002,50.3333,15.750025,5312
121,summer,2011.0,May,no,Sunday,no,Cloudy,8.518346999999999,7.4102,76.2083,7.125718,3351
122,summer,2011.0,May,no,Monday,yes,Cloudy,12.515846999999997,11.641649999999998,73.0,12.291418,4401
123,summer,2011.0,May,no,Tuesday,yes,Cloudy,15.283347,14.103950000000001,69.7083,22.958689,4451
124,summer,2011.0,May,no,Wednesday,yes,Cloudy,6.980847000000001,5.232500000000002,73.70830000000001,22.042732,2633
125,summer,2011.0,May,no,Thursday,yes,Clear,8.825847,7.095849999999999,44.4167,19.791263999999998,4433
126,summer,2011.0,May,no,Friday,yes,Clear,9.645847,8.705850000000002,59.0,15.292482,4608
127,summer,2011.0,May,no,Saturday,no,Clear,11.32,10.631049999999998,54.125,10.750150000000001,4714
128,summer,2011.0,May,no,Sunday,no,Clear,11.661652999999998,10.946649999999998,63.1667,5.0007125,4333
129,summer,2011.0,May,no,Monday,yes,Clear,11.8325,11.2623,58.875,12.125057,4362
130,summer,2011.0,May,no,Tuesday,yes,Clear,11.8325,11.136050000000001,64.6667,7.749956999999999,4803
131,summer,2011.0,May,no,Wednesday,yes,Clear,12.2425,11.419999999999998,63.29169999999999,8.083014,4182
132,summer,2011.0,May,no,Thursday,yes,Clear,11.935000000000002,11.16815,74.75,12.707689,4864
133,summer,2011.0,May,no,Friday,yes,Cloudy,11.0125,9.715,86.33330000000001,12.041575,4105
134,summer,2011.0,May,no,Saturday,no,Cloudy,11.354153,10.03145,92.25,9.041649999999999,3409
135,summer,2011.0,May,no,Sunday,no,Cloudy,13.0625,11.8,86.70830000000001,10.249593,4553
136,summer,2011.0,May,no,Monday,yes,Clear,13.677500000000002,12.5256,78.79169999999999,8.500357000000001,3958
137,summer,2011.0,May,no,Tuesday,yes,Cloudy,13.028347,11.926450000000003,83.7917,18.582718,4123
138,summer,2011.0,May,no,Wednesday,yes,Cloudy,12.55,11.3579,87.0,13.499964,3855
139,summer,2011.0,May,no,Thursday,yes,Cloudy,11.764153,10.537100000000002,82.9583,7.250271000000001,4575
140,summer,2011.0,May,no,Friday,yes,Clear,12.003347000000002,11.452100000000002,71.9583,8.375871,4917
141,summer,2011.0,May,no,Saturday,no,Clear,14.7025,13.598749999999999,62.6667,8.083549999999999,5805
142,summer,2011.0,May,no,Sunday,no,Clear,14.770847,13.725000000000001,74.9583,9.916536,4660
143,summer,2011.0,May,no,Monday,yes,Cloudy,15.898346999999998,14.514800000000001,81.0,15.667413999999999,4274
144,summer,2011.0,May,no,Tuesday,yes,Cloudy,17.060000000000002,15.240650000000002,74.0833,13.875164,4492
145,summer,2011.0,May,no,Wednesday,yes,Clear,17.094153,15.7771,69.625,10.333610999999992,4978
146,summer,2011.0,May,no,Thursday,yes,Clear,19.041653,17.7344,67.75,13.376014,4677
147,summer,2011.0,May,no,Friday,yes,Clear,17.948347000000002,16.8504,65.375,16.125493,4679
148,summer,2011.0,May,no,Saturday,no,Clear,16.889153,15.618950000000002,72.9583,15.416164,4758
149,summer,2011.0,May,no,Sunday,no,Clear,17.3675,15.777500000000003,81.875,14.333846,4788
150,summer,2011.0,May,yes,Monday,no,Clear,20.066653000000002,18.5546,68.5,8.792075,4098
151,summer,2011.0,May,no,Tuesday,yes,Clear,21.775000000000002,21.269150000000003,63.6667,7.459042999999999,3982
152,summer,2011.0,June,no,Wednesday,yes,Cloudy,21.330847000000002,21.04835,67.7083,13.875164,3974
153,summer,2011.0,June,no,Thursday,yes,Clear,19.314999999999998,17.1971,30.5,19.583229000000003,4968
154,summer,2011.0,June,no,Friday,yes,Clear,15.419999999999998,14.356650000000002,35.4167,16.959107,5312
155,summer,2011.0,June,no,Saturday,no,Clear,16.035,14.7348,45.625,8.250514,5342
156,summer,2011.0,June,no,Sunday,no,Cloudy,16.581653000000003,15.8402,65.25,9.292364000000001,4906
157,summer,2011.0,June,no,Monday,yes,Clear,17.811653,16.0929,60.0,8.167032,4548
158,summer,2011.0,June,no,Tuesday,yes,Clear,19.0075,17.7975,59.791700000000006,12.583136,4833
159,summer,2011.0,June,no,Wednesday,yes,Clear,21.809153,21.363950000000003,62.208299999999994,9.166739,4401
160,summer,2011.0,June,no,Thursday,yes,Cloudy,23.141652999999998,22.878950000000003,56.833299999999994,10.042161,3915
161,summer,2011.0,June,no,Friday,yes,Clear,20.955000000000002,20.1646,60.5,9.417117999999993,4586
162,summer,2011.0,June,no,Saturday,no,Clear,19.724999999999998,18.901900000000005,65.45830000000001,10.374949999999998,4966
163,summer,2011.0,June,no,Sunday,no,Clear,18.392500000000002,17.166250000000005,74.7917,10.958988999999999,4460
164,summer,2011.0,June,no,Monday,yes,Clear,16.035,15.082700000000003,49.4583,20.45845,5020
165,summer,2011.0,June,no,Tuesday,yes,Clear,14.770847,14.577300000000001,50.708299999999994,18.041961,4891
166,summer,2011.0,June,no,Wednesday,yes,Clear,15.693347,14.387699999999999,47.1667,11.250103999999993,5180
167,summer,2011.0,June,no,Thursday,yes,Cloudy,15.761653000000003,14.767300000000002,68.8333,13.833556999999999,3767
168,summer,2011.0,June,no,Friday,yes,Clear,16.615847000000002,15.01915,73.5833,9.582942999999998,4844
169,summer,2011.0,June,no,Saturday,no,Clear,18.563347,17.197700000000005,67.0417,8.000336,5119
170,summer,2011.0,June,no,Sunday,no,Cloudy,18.665847,17.292300000000004,66.6667,6.834,4744
171,summer,2011.0,June,no,Monday,yes,Cloudy,16.035,14.767300000000002,74.625,10.416825,4010
172,autumn,2011.0,June,no,Tuesday,yes,Cloudy,17.914153000000002,16.8823,77.0417,11.458675000000001,4835
173,autumn,2011.0,June,no,Wednesday,yes,Clear,20.066653000000002,19.691450000000003,70.75,11.541554,4507
174,autumn,2011.0,June,no,Thursday,yes,Cloudy,19.861653,19.691650000000003,70.3333,15.999868,4790
175,autumn,2011.0,June,no,Friday,yes,Clear,19.690847,17.82915,57.3333,14.875675,4991
176,autumn,2011.0,June,no,Saturday,no,Clear,18.494999999999997,17.16565,48.3333,14.041257,5202
177,autumn,2011.0,June,no,Sunday,no,Clear,17.880000000000003,16.88145,51.3333,6.3337311,5305
178,autumn,2011.0,June,no,Monday,yes,Cloudy,17.982499999999998,16.8502,65.8333,7.2083960000000005,4708
179,autumn,2011.0,June,no,Tuesday,yes,Clear,20.510847000000002,19.627899999999997,63.416700000000006,9.666960999999999,4648
180,autumn,2011.0,June,no,Wednesday,yes,Clear,19.861653,17.7344,49.7917,17.542007,5225
181,autumn,2011.0,June,no,Thursday,yes,Clear,18.563347,16.8504,43.416700000000006,12.415904000000001,5515
182,autumn,2011.0,July,no,Friday,yes,Clear,19.622500000000002,17.6081,39.625,6.874736,5362
183,autumn,2011.0,July,no,Saturday,no,Clear,20.271653,18.3654,44.4583,7.709153999999994,5119
184,autumn,2011.0,July,no,Sunday,no,Cloudy,19.383347,18.42875,68.25,15.333486,4649
185,autumn,2011.0,July,yes,Monday,no,Cloudy,19.793346999999997,18.270850000000003,63.7917,5.459106399999993,6043
186,autumn,2011.0,July,no,Tuesday,yes,Clear,20.613346999999997,19.816900000000004,59.0417,8.459285999999993,4665
187,autumn,2011.0,July,no,Wednesday,yes,Clear,19.52,19.28165,74.33330000000001,10.042161,4629
188,autumn,2011.0,July,no,Thursday,yes,Clear,20.75,19.34355,65.125,10.666400000000001,4592
189,autumn,2011.0,July,no,Friday,yes,Cloudy,19.075847,18.52415,75.79169999999999,15.083643,4040
190,autumn,2011.0,July,no,Saturday,no,Clear,20.066653000000002,18.207900000000002,60.9167,11.250103999999993,5336
191,autumn,2011.0,July,no,Sunday,no,Clear,20.6475,19.50125,57.8333,12.292557,4881
192,autumn,2011.0,July,no,Monday,yes,Clear,21.2625,21.4902,63.5833,18.916579,4086
193,autumn,2011.0,July,no,Tuesday,yes,Clear,22.560846999999995,21.963749999999997,55.9167,13.417017999999999,4258
194,autumn,2011.0,July,no,Wednesday,yes,Clear,20.613346999999997,19.4702,63.1667,9.790911000000001,4342
195,autumn,2011.0,July,no,Thursday,yes,Clear,17.914153000000002,16.7552,47.625,16.124689,5084
196,autumn,2011.0,July,no,Friday,yes,Clear,17.196652999999998,16.21855,59.12500000000001,12.249811,5538
197,autumn,2011.0,July,no,Saturday,no,Clear,18.153347,16.91315,58.5,13.958914,5923
198,autumn,2011.0,July,no,Sunday,no,Clear,19.485847,18.49165,60.4167,16.417211,5302
199,autumn,2011.0,July,no,Monday,yes,Clear,20.613346999999997,20.19625,65.125,14.458867999999999,4458
200,autumn,2011.0,July,no,Tuesday,yes,Clear,21.843347,22.37395,65.0417,8.7502,4541
201,autumn,2011.0,July,no,Wednesday,yes,Clear,21.501653,22.3425,70.70830000000001,7.625739,4332
202,autumn,2011.0,July,no,Thursday,yes,Cloudy,23.415,26.318550000000002,69.125,14.875407,3784
203,autumn,2011.0,July,no,Friday,yes,Clear,24.781653,27.044799999999995,58.0417,8.9177,3387
204,autumn,2011.0,July,no,Saturday,no,Clear,24.815846999999998,25.214349999999996,50.0,8.791807,3285
205,autumn,2011.0,July,no,Sunday,no,Clear,24.03,24.74145,55.0833,11.334456999999999,3606
206,autumn,2011.0,July,no,Monday,yes,Clear,20.476653000000002,21.0479,75.7083,6.0841560999999995,3840
207,autumn,2011.0,July,no,Tuesday,yes,Clear,21.638347,19.848950000000002,54.0833,13.417285999999999,4590
208,autumn,2011.0,July,no,Wednesday,yes,Clear,21.775000000000002,19.53335,40.291700000000006,12.292020999999998,4656
209,autumn,2011.0,July,no,Thursday,yes,Clear,21.945847,21.994999999999997,58.3333,11.958093,4390
210,autumn,2011.0,July,no,Friday,yes,Clear,24.371653000000002,24.29835,54.25,11.667245999999999,3846
211,autumn,2011.0,July,no,Saturday,no,Clear,22.970847,21.42685,46.5833,11.291979,4475
212,autumn,2011.0,July,no,Sunday,no,Clear,23.039153,21.489800000000002,48.0833,11.042470999999999,4302
213,autumn,2011.0,August,no,Monday,yes,Clear,21.638347,20.1646,55.0833,10.500039,4266
214,autumn,2011.0,August,no,Tuesday,yes,Clear,22.116653,20.35355,63.5833,13.79195,4845
215,autumn,2011.0,August,no,Wednesday,yes,Cloudy,19.998347,18.996850000000002,65.75,9.084060999999993,3574
216,autumn,2011.0,August,no,Thursday,yes,Cloudy,19.11,18.239400000000003,75.75,13.20905,4576
217,autumn,2011.0,August,no,Friday,yes,Clear,19.144153000000003,17.82835,63.083299999999994,12.374632,4866
218,autumn,2011.0,August,no,Saturday,no,Cloudy,19.383347,18.807700000000004,75.5,15.29275,4294
219,autumn,2011.0,August,no,Sunday,no,Clear,20.442500000000003,20.7646,75.2917,13.499629,3785
220,autumn,2011.0,August,no,Monday,yes,Clear,21.365000000000002,20.16415,59.2083,12.875725000000001,4326
221,autumn,2011.0,August,no,Tuesday,yes,Clear,21.775000000000002,21.206049999999998,57.04169999999999,10.125107,4602
222,autumn,2011.0,August,no,Wednesday,yes,Clear,21.433346999999998,19.24915,42.4167,13.417285999999999,4780
223,autumn,2011.0,August,no,Thursday,yes,Clear,19.4175,17.576050000000002,42.375,11.041332,4792
224,autumn,2011.0,August,no,Friday,yes,Clear,19.041653,17.7021,41.5,8.416607,4905
225,autumn,2011.0,August,no,Saturday,no,Cloudy,18.119153,17.292900000000003,72.9583,14.167418,4150
226,autumn,2011.0,August,no,Sunday,no,Cloudy,17.743347,16.219400000000004,81.75,14.916411,3820
227,autumn,2011.0,August,no,Monday,yes,Clear,17.299153,15.80835,71.20830000000001,13.999918,4338
228,autumn,2011.0,August,no,Tuesday,yes,Clear,18.734153000000003,17.291849999999997,57.8333,15.834043000000001,4725
229,autumn,2011.0,August,no,Wednesday,yes,Clear,19.656653,18.333550000000002,57.5417,9.625689,4694
230,autumn,2011.0,August,no,Thursday,yes,Clear,19.178347000000002,18.112900000000003,65.45830000000001,15.624936,3805
231,autumn,2011.0,August,no,Friday,yes,Cloudy,18.085,16.661050000000003,72.2917,9.333635999999998,4153
232,autumn,2011.0,August,no,Saturday,no,Clear,18.5975,17.449800000000003,67.41669999999999,6.999289,5191
233,autumn,2011.0,August,no,Sunday,no,Clear,19.144153000000003,18.776250000000005,77.0,16.666518,3873
234,autumn,2011.0,August,no,Monday,yes,Clear,18.358347000000002,16.9127,47.0,18.54225,4758
235,autumn,2011.0,August,no,Tuesday,yes,Clear,16.274153,15.303350000000002,45.5417,9.833121,5895
236,autumn,2011.0,August,no,Wednesday,yes,Clear,17.606652999999998,16.5346,60.5,16.958236,5130
237,autumn,2011.0,August,no,Thursday,yes,Cloudy,18.050846999999997,17.292700000000004,77.1667,14.125810999999999,3542
238,autumn,2011.0,August,no,Friday,yes,Clear,18.7,17.986649999999997,76.125,5.625487499999999,4661
239,autumn,2011.0,August,no,Saturday,no,Cloudy,17.880000000000003,16.7778,85.0,25.166338999999997,1115
240,autumn,2011.0,August,no,Sunday,no,Clear,18.989418999999998,17.39795,56.1765,20.412153,4334
241,autumn,2011.0,August,no,Monday,yes,Clear,16.103347,15.3979,55.45830000000001,10.708275,4634
242,autumn,2011.0,August,no,Tuesday,yes,Clear,16.205847000000002,14.735199999999999,54.833299999999994,8.375535999999993,5204
243,autumn,2011.0,August,no,Wednesday,yes,Clear,16.923347,15.556050000000003,59.791700000000006,5.5833311,5058
244,autumn,2011.0,September,no,Thursday,yes,Clear,16.855,15.746050000000004,63.916700000000006,9.500332,5115
245,autumn,2011.0,September,no,Friday,yes,Cloudy,16.376653,15.240400000000001,72.70830000000001,9.375243,4727
246,autumn,2011.0,September,no,Saturday,no,Clear,17.435847,16.66065,71.6667,12.416775,4484
247,autumn,2011.0,September,no,Sunday,no,Clear,19.075847,18.27145,74.20830000000001,13.833289,4940
248,autumn,2011.0,September,yes,Monday,no,Cloudy,17.606652999999998,16.282300000000003,79.0417,14.250632,3351
249,autumn,2011.0,September,no,Tuesday,yes,Rain/snow,12.14,10.759999999999998,88.6957,23.044181,2710
250,autumn,2011.0,September,no,Wednesday,yes,Rain/snow,14.565847000000002,12.21145,91.7083,6.500393600000001,1996
251,autumn,2011.0,September,no,Thursday,yes,Rain/snow,15.990433000000003,12.768049999999999,93.9565,12.914116,1842
252,autumn,2011.0,September,no,Friday,yes,Cloudy,16.650000000000002,13.947299999999998,89.79169999999999,8.333393000000001,3544
253,autumn,2011.0,September,no,Saturday,no,Clear,17.060000000000002,15.3981,75.375,10.291736,5345
254,autumn,2011.0,September,no,Sunday,no,Clear,16.786652999999998,15.46145,71.375,7.708618,5046
255,autumn,2011.0,September,no,Monday,yes,Clear,16.418267999999998,15.106500000000004,69.2174,5.957171000000001,4713
256,autumn,2011.0,September,no,Tuesday,yes,Clear,16.684153,15.177700000000002,71.25,9.500868,4763
257,autumn,2011.0,September,no,Wednesday,yes,Clear,17.606652999999998,16.345,69.7083,11.2091,4785
258,autumn,2011.0,September,no,Thursday,yes,Cloudy,13.677500000000002,12.68355,70.9167,18.166782,3659
259,autumn,2011.0,September,no,Friday,yes,Cloudy,9.235847,8.07375,59.0417,11.000261,4760
260,autumn,2011.0,September,no,Saturday,no,Cloudy,10.158347,8.9256,71.8333,12.708225,4511
261,autumn,2011.0,September,no,Sunday,no,Clear,10.807499999999997,9.52685,69.5,11.958361,4274
262,autumn,2011.0,September,no,Monday,yes,Cloudy,12.515846999999997,11.48375,69.0,10.166713999999999,4539
263,autumn,2011.0,September,no,Tuesday,yes,Cloudy,13.028347,11.610850000000003,88.125,9.041917999999999,3641
264,autumn,2011.0,September,no,Wednesday,yes,Cloudy,14.395,12.526649999999997,90.0,6.4590814,4352
265,autumn,2011.0,September,no,Thursday,yes,Cloudy,15.761653000000003,12.748149999999999,90.2083,8.584375,4795
266,winter,2011.0,September,no,Friday,yes,Cloudy,14.975847000000002,11.106249999999996,97.25,5.2505689,2395
267,winter,2011.0,September,no,Saturday,no,Cloudy,14.873346999999999,13.220600000000001,86.25,5.2516811,5423
268,winter,2011.0,September,no,Sunday,no,Cloudy,16.000847,13.631849999999996,84.5,3.3754064,5010
269,winter,2011.0,September,no,Monday,yes,Cloudy,16.615847000000002,14.452099999999998,84.8333,7.4169,4630
270,winter,2011.0,September,no,Tuesday,yes,Cloudy,16.103347,13.726249999999997,88.5417,7.917457,4120
271,winter,2011.0,September,no,Wednesday,yes,Cloudy,16.035,13.757899999999996,84.875,9.958142999999993,3907
272,winter,2011.0,September,no,Thursday,yes,Clear,15.283347,13.7256,69.91669999999999,11.583160999999993,4839
273,winter,2011.0,September,no,Friday,yes,Clear,13.130847,12.24145,64.75,13.833825,5202
274,winter,2011.0,October,no,Saturday,no,Cloudy,6.809999999999999,5.643149999999999,75.375,19.583832,2429
275,winter,2011.0,October,no,Sunday,no,Cloudy,4.623347000000001,2.2658500000000004,79.1667,14.874870999999999,2918
276,winter,2011.0,October,no,Monday,yes,Cloudy,5.7508469999999985,4.6023,76.0833,5.5841686,3570
277,winter,2011.0,October,no,Tuesday,yes,Clear,9.850847000000002,8.642900000000001,71.0,13.792218,4456
278,winter,2011.0,October,no,Wednesday,yes,Clear,12.071652999999998,11.3569,64.79169999999999,11.87575,4826
279,winter,2011.0,October,no,Thursday,yes,Clear,10.260847000000002,9.021249999999998,62.083299999999994,9.041917999999999,4765
280,winter,2011.0,October,no,Friday,yes,Clear,10.944153,10.220199999999998,68.41669999999999,1.5002439,4985
281,winter,2011.0,October,no,Saturday,no,Clear,11.388347,10.662099999999999,70.125,3.0420814,5409
282,winter,2011.0,October,no,Sunday,no,Clear,12.174153,11.19915,72.75,4.251150000000001,5511
283,winter,2011.0,October,yes,Monday,no,Clear,13.404153,12.146249999999998,73.375,2.8343814,5117
284,winter,2011.0,October,no,Tuesday,yes,Cloudy,13.233347000000002,12.3048,80.875,9.583814,4563
285,winter,2011.0,October,no,Wednesday,yes,Rain/snow,12.276653,10.885849999999998,90.625,16.62605,2416
286,winter,2011.0,October,no,Thursday,yes,Cloudy,14.155847000000001,12.5902,89.6667,9.499729,2913
287,winter,2011.0,October,no,Friday,yes,Cloudy,12.584153,11.48375,71.625,15.000161,3644
288,winter,2011.0,October,no,Saturday,no,Clear,10.773346999999998,9.936249999999998,48.3333,17.291561,5217
289,winter,2011.0,October,no,Sunday,no,Clear,10.978347,10.157699999999998,48.6667,18.875039,5041
290,winter,2011.0,October,no,Monday,yes,Clear,11.900847000000002,10.536249999999999,57.958299999999994,11.750393,4570
291,winter,2011.0,October,no,Tuesday,yes,Cloudy,11.8325,11.136050000000001,70.1667,7.375829,4748
292,winter,2011.0,October,no,Wednesday,yes,Rain/snow,12.211299000000004,10.6924,89.52170000000001,16.303713,2424
293,winter,2011.0,October,no,Thursday,yes,Clear,9.509153000000001,8.326250000000002,63.625,28.292425,4195
294,winter,2011.0,October,no,Friday,yes,Clear,7.5275,6.1798,57.4167,14.833532,4304
295,winter,2011.0,October,no,Saturday,no,Clear,7.322499999999998,6.2745999999999995,62.916700000000006,6.2086689,4308
296,winter,2011.0,October,no,Sunday,no,Clear,7.288347000000002,6.11665,74.125,6.6673375,4381
297,winter,2011.0,October,no,Monday,yes,Clear,8.996652999999998,7.853349999999999,77.2083,7.959064,4187
298,winter,2011.0,October,no,Tuesday,yes,Clear,9.338346999999999,8.16875,62.291700000000006,11.166086,4687
299,winter,2011.0,October,no,Wednesday,yes,Cloudy,9.850847000000002,8.642299999999999,72.04169999999999,12.125057,3894
300,winter,2011.0,October,no,Thursday,yes,Cloudy,9.27,7.8523,81.2917,13.250121,2659
301,winter,2011.0,October,no,Friday,yes,Cloudy,3.5641529999999992,0.9405999999999999,58.58330000000001,15.375093,3747
302,winter,2011.0,October,no,Saturday,no,Rain/snow,0.4208469999999984,-3.60435,88.25,23.541857,627
303,winter,2011.0,October,no,Sunday,no,Clear,3.0858469999999993,1.0664499999999997,62.375,11.833339,3331
304,winter,2011.0,October,no,Monday,yes,Clear,3.9400000000000013,2.8031500000000023,70.3333,7.12545,3669
305,winter,2011.0,November,no,Tuesday,yes,Clear,6.4341529999999985,4.854399999999998,68.375,9.083257,4068
306,winter,2011.0,November,no,Wednesday,yes,Clear,5.477500000000001,4.5066500000000005,71.875,5.500143899999994,4186
307,winter,2011.0,November,no,Thursday,yes,Clear,6.7416529999999995,5.2960499999999975,70.20830000000001,9.166739,3974
308,winter,2011.0,November,no,Friday,yes,Cloudy,6.536653000000001,5.169599999999999,62.25000000000001,18.209193,4046
309,winter,2011.0,November,no,Saturday,no,Clear,3.3933469999999986,1.1926999999999985,51.916700000000006,12.667154,3926
310,winter,2011.0,November,no,Sunday,no,Clear,4.281653,3.1179000000000023,73.4583,6.1676314,3649
311,winter,2011.0,November,no,Monday,yes,Clear,6.195,5.04355,75.875,3.834075,4035
312,winter,2011.0,November,no,Tuesday,yes,Clear,6.7416529999999995,5.612300000000001,72.1667,4.6255125,4205
313,winter,2011.0,November,no,Wednesday,yes,Clear,6.400000000000002,5.4539500000000025,75.83330000000001,4.1671186,4109
314,winter,2011.0,November,no,Thursday,yes,Cloudy,5.58,3.6860500000000016,81.3333,12.667489000000002,2933
315,winter,2011.0,November,yes,Friday,no,Clear,3.2908469999999994,0.34084999999999965,44.625,21.083225,3368
316,winter,2011.0,November,no,Saturday,no,Clear,4.623347000000001,2.8970999999999982,55.2917,14.208154,4067
317,winter,2011.0,November,no,Sunday,no,Clear,8.074152999999999,6.5275,45.8333,18.875307,3717
318,winter,2011.0,November,no,Monday,yes,Clear,11.73,11.230599999999999,58.7083,20.541932,4486
319,winter,2011.0,November,no,Tuesday,yes,Cloudy,11.73,10.37895,68.875,13.375411,4195
320,winter,2011.0,November,no,Wednesday,yes,Rain/snow,8.723347,7.599399999999999,93.0,9.167543,1817
321,winter,2011.0,November,no,Thursday,yes,Cloudy,4.0083470000000005,1.1610499999999995,57.5833,20.459254,3053
322,winter,2011.0,November,no,Friday,yes,Clear,1.2408470000000005,-1.3639500000000009,41.0,11.291711,3392
323,winter,2011.0,November,no,Saturday,no,Clear,3.4958469999999995,1.2241500000000016,50.208299999999994,15.041232,3663
324,winter,2011.0,November,no,Sunday,no,Cloudy,8.996652999999998,7.852900000000002,68.4583,12.45865,3520
325,winter,2011.0,November,no,Monday,yes,Rain/snow,8.3475,7.2531,91.0,9.249618,2765
326,winter,2011.0,November,no,Tuesday,yes,Rain/snow,7.083347,6.084800000000001,96.25,7.959064,1607
327,winter,2011.0,November,no,Wednesday,yes,Cloudy,8.074152999999999,6.52685,75.79169999999999,22.500275,2566
328,winter,2011.0,November,yes,Thursday,no,Clear,5.306653000000001,3.6235500000000016,54.9167,11.209368000000001,1495
329,winter,2011.0,November,no,Friday,yes,Clear,5.375,4.033549999999998,64.375,6.6260186,2792
330,winter,2011.0,November,no,Saturday,no,Clear,5.409152999999998,4.254350000000002,68.1667,4.5841936,3068
331,winter,2011.0,November,no,Sunday,no,Clear,8.825847,7.789999999999999,69.8333,13.999918,3071
332,winter,2011.0,November,no,Monday,yes,Clear,10.642598,9.5061,74.3043,9.522174,3867
333,winter,2011.0,November,no,Tuesday,yes,Cloudy,8.791653,7.568750000000001,83.08330000000001,17.292164,2914
334,winter,2011.0,November,no,Wednesday,yes,Clear,3.325000000000001,0.5610500000000016,61.3333,18.167586,3613
335,winter,2011.0,December,no,Thursday,yes,Clear,2.8125,0.2776999999999994,52.4583,14.750586,3727
336,winter,2011.0,December,no,Friday,yes,Clear,2.8808469999999993,1.5716499999999982,62.583299999999994,6.750518,3940
337,winter,2011.0,December,no,Saturday,no,Clear,2.265847000000001,0.5301999999999989,61.291700000000006,6.4174811,3614
338,winter,2011.0,December,no,Sunday,no,Clear,3.5641529999999992,2.455000000000002,77.5833,5.6252061,3485
339,winter,2011.0,December,no,Monday,yes,Cloudy,5.819153,4.696250000000003,82.70830000000001,4.1679561000000005,3811
340,winter,2011.0,December,no,Tuesday,yes,Rain/snow,8.962500000000002,7.82,94.9583,15.583061,2594
341,winter,2011.0,December,no,Wednesday,yes,Rain/snow,6.809999999999999,5.0123,97.04169999999999,17.833725,705
342,winter,2011.0,December,no,Thursday,yes,Clear,0.8991530000000001,-2.1531000000000002,57.99999999999999,16.083886,3322
343,winter,2011.0,December,no,Friday,yes,Clear,1.9241530000000004,0.8770999999999987,69.58330000000001,5.542018899999992,3620
344,winter,2011.0,December,no,Saturday,no,Clear,1.2750000000000004,-1.6794000000000011,50.74999999999999,15.625807,3190
345,winter,2011.0,December,no,Sunday,no,Clear,-0.9458470000000005,-2.3423,49.0,4.458293899999999,2743
346,winter,2011.0,December,no,Monday,yes,Clear,-0.2283470000000012,-1.4901999999999997,67.08330000000001,4.251150000000001,3310
347,winter,2011.0,December,no,Tuesday,yes,Clear,1.5824999999999996,0.05690000000000062,59.0,9.41685,3523
348,winter,2011.0,December,no,Wednesday,yes,Cloudy,3.0175,1.918099999999999,66.375,4.0842061,3740
349,winter,2011.0,December,no,Thursday,yes,Cloudy,7.322499999999998,5.6118500000000004,63.416700000000006,17.958814,3709
350,winter,2011.0,December,no,Friday,yes,Cloudy,5.375,2.991250000000001,50.0417,17.458525,3577
351,winter,2011.0,December,no,Saturday,no,Cloudy,0.5916529999999991,-2.5314499999999995,56.0833,16.292189,2739
352,winter,2011.0,December,no,Sunday,no,Clear,-0.2283470000000012,-2.72105,58.62500000000001,11.375193000000001,2431
353,winter,2011.0,December,no,Monday,yes,Clear,1.3433469999999996,-0.9533500000000004,63.74999999999999,11.584031999999999,3403
354,winter,2011.0,December,no,Tuesday,yes,Cloudy,5.819153,4.8226999999999975,59.5417,4.1252436,3750
355,spring,2011.0,December,no,Wednesday,yes,Cloudy,7.561653,6.400849999999998,85.83330000000001,14.8338,2660
356,spring,2011.0,December,no,Thursday,yes,Cloudy,7.356653000000001,6.306050000000003,75.75,3.1674249999999997,3068
357,spring,2011.0,December,no,Friday,yes,Clear,5.306653000000001,3.8756500000000003,68.625,18.374482,2209
358,spring,2011.0,December,no,Saturday,no,Clear,2.4025,-0.03790000000000049,54.25,12.750368,1011
359,spring,2011.0,December,no,Sunday,no,Clear,1.2661029999999993,-1.001949999999999,68.13040000000001,10.391097,754
360,spring,2011.0,December,yes,Monday,no,Clear,3.1912990000000008,0.7767499999999998,50.6957,16.044155,1317
361,spring,2011.0,December,no,Tuesday,yes,Cloudy,3.325000000000001,1.3816500000000005,76.25,12.62615,1162
362,spring,2011.0,December,no,Wednesday,yes,Clear,2.264330000000001,-1.0013000000000005,50.39130000000001,19.695386999999997,2302
363,spring,2011.0,December,no,Thursday,yes,Clear,0.18165300000000073,-1.8053999999999988,57.4167,8.000604000000001,2423
364,spring,2011.0,December,no,Friday,yes,Clear,2.778347000000002,0.9405999999999999,63.6667,9.000578999999993,2999
365,spring,2011.0,December,no,Saturday,no,Clear,6.809999999999999,5.706050000000001,61.583299999999994,14.750318,2485
366,spring,2012.0,January,no,Sunday,no,Clear,5.17,3.7810500000000005,69.25,12.875189,2294
367,spring,2012.0,January,yes,Monday,no,Clear,1.194763,-2.384800000000002,38.130399999999995,22.087555,1951
368,spring,2012.0,January,no,Tuesday,yes,Clear,-3.8500000000000005,-8.686250000000001,44.125,24.499957000000002,2236
369,spring,2012.0,January,no,Wednesday,yes,Cloudy,-5.5925,-9.033150000000006,41.4583,12.3749,2368
370,spring,2012.0,January,no,Thursday,yes,Clear,0.8991530000000001,-1.0793999999999997,52.416700000000006,8.709128999999999,3272
371,spring,2012.0,January,no,Friday,yes,Clear,3.7008469999999996,2.013349999999999,54.2083,11.249836,4098
372,spring,2012.0,January,no,Saturday,no,Clear,6.126653000000001,4.53895,53.1667,11.708786,4521
373,spring,2012.0,January,no,Sunday,no,Clear,3.8375000000000004,2.012900000000002,46.5,12.833314,3425
374,spring,2012.0,January,no,Monday,yes,Cloudy,-0.8091530000000002,-2.6260499999999993,70.1667,6.6263000000000005,2376
375,spring,2012.0,January,no,Tuesday,yes,Clear,2.656536000000001,0.9413,64.65220000000001,12.565984,3598
376,spring,2012.0,January,no,Wednesday,yes,Cloudy,1.2408470000000005,-0.8589500000000001,84.75,8.791807,2177
377,spring,2012.0,January,no,Thursday,yes,Cloudy,5.682500000000001,4.0969000000000015,80.2917,12.124789,4097
378,spring,2012.0,January,no,Friday,yes,Clear,1.2408470000000005,-2.5319000000000003,50.74999999999999,25.333236,3214
379,spring,2012.0,January,no,Saturday,no,Clear,-2.62,-5.845649999999999,45.75,12.541260999999999,2493
380,spring,2012.0,January,no,Sunday,no,Clear,-3.1666529999999993,-6.918750000000001,41.9167,16.834286,2311
381,spring,2012.0,January,yes,Monday,no,Clear,-2.21,-5.466850000000001,52.25,15.500986000000001,2298
382,spring,2012.0,January,no,Tuesday,yes,Cloudy,5.294763,3.213900000000006,71.6087,23.39171,2935
383,spring,2012.0,January,no,Wednesday,yes,Clear,2.4366530000000015,-1.2372999999999994,44.333299999999994,27.833743,3376
384,spring,2012.0,January,no,Thursday,yes,Clear,-2.21,-5.498099999999999,49.75,14.750586,3292
385,spring,2012.0,January,no,Friday,yes,Cloudy,-1.0824999999999996,-3.9521000000000015,45.0,13.58425,3163
386,spring,2012.0,January,no,Saturday,no,Cloudy,-2.8933470000000003,-6.25625,83.125,14.917014,1301
387,spring,2012.0,January,no,Sunday,no,Cloudy,-3.3374999999999995,-6.887499999999999,79.625,13.375746000000001,1977
388,spring,2012.0,January,no,Monday,yes,Cloudy,-1.0483469999999997,-2.847100000000001,91.125,7.417436,2432
389,spring,2012.0,January,no,Tuesday,yes,Clear,4.0425,2.4553999999999974,54.37499999999999,8.292389,4339
390,spring,2012.0,January,no,Wednesday,yes,Clear,2.0608470000000008,-0.25895000000000046,64.375,10.791756999999999,4270
391,spring,2012.0,January,no,Thursday,yes,Cloudy,4.0083470000000005,2.8024999999999984,76.95830000000001,4.9175186,4075
392,spring,2012.0,January,no,Friday,yes,Cloudy,7.425000000000001,5.76915,74.125,22.958689,3456
393,spring,2012.0,January,no,Saturday,no,Clear,2.949152999999999,1.3189499999999974,54.333299999999994,14.125542999999999,4023
394,spring,2012.0,January,no,Sunday,no,Clear,1.5824999999999996,-1.3639500000000009,31.125000000000004,16.08335,3243
395,spring,2012.0,January,no,Monday,yes,Clear,1.0358470000000004,-1.8687500000000004,40.0833,14.458064,3624
396,spring,2012.0,January,no,Tuesday,yes,Clear,5.99,4.065850000000001,41.6667,17.541739,4509
397,spring,2012.0,February,no,Wednesday,yes,Clear,9.235847,8.326900000000002,50.79169999999999,12.667489000000002,4579
398,spring,2012.0,February,no,Thursday,yes,Cloudy,6.365846999999999,4.948550000000001,67.29169999999999,12.541528999999999,3761
399,spring,2012.0,February,no,Friday,yes,Clear,2.846652999999998,0.4672999999999998,52.6667,11.959232,4151
400,spring,2012.0,February,no,Saturday,no,Cloudy,0.8308469999999986,-1.3637499999999996,77.95830000000001,8.167032,2832
401,spring,2012.0,February,no,Sunday,no,Cloudy,0.8991530000000001,-1.7739499999999992,68.7917,11.791732000000001,2947
402,spring,2012.0,February,no,Monday,yes,Clear,1.5869689999999999,-0.1786999999999992,62.2174,10.304599999999999,3784
403,spring,2012.0,February,no,Tuesday,yes,Clear,4.520847,3.0551999999999992,49.625,9.874393000000001,4375
404,spring,2012.0,February,no,Wednesday,yes,Cloudy,0.5233469999999993,-1.6789499999999986,72.2917,8.959307,2802
405,spring,2012.0,February,no,Thursday,yes,Clear,0.8650000000000002,-1.9006000000000007,56.2083,13.000478999999999,3830
406,spring,2012.0,February,no,Friday,yes,Cloudy,1.5141530000000003,-0.3221000000000007,54.0,7.834243000000001,3831
407,spring,2012.0,February,no,Saturday,no,Rain/snow,-0.8091530000000002,-4.45665,73.125,19.416332,2169
408,spring,2012.0,February,no,Sunday,no,Clear,-4.7725,-9.917100000000001,46.4583,27.417204,1529
409,spring,2012.0,February,no,Monday,yes,Clear,-0.8774999999999995,-3.60435,41.125,11.207961,3422
410,spring,2012.0,February,no,Tuesday,yes,Cloudy,3.0858469999999993,1.697300000000002,50.875,9.458993,3922
411,spring,2012.0,February,no,Wednesday,yes,Clear,4.281653,2.5814500000000002,53.125,12.167200000000001,4169
412,spring,2012.0,February,no,Thursday,yes,Cloudy,2.9833469999999984,1.5080999999999989,75.2917,6.125475000000001,3005
413,spring,2012.0,February,no,Friday,yes,Clear,4.076653,2.5814500000000002,63.4583,13.791682,4154
414,spring,2012.0,February,no,Saturday,no,Clear,4.213347000000001,2.7712499999999984,53.4583,12.792243,4318
415,spring,2012.0,February,no,Sunday,no,Cloudy,1.4800000000000004,-1.7105999999999995,51.5833,16.958504,2689
416,spring,2012.0,February,yes,Monday,no,Clear,1.4800000000000004,-1.3304500000000008,50.7826,15.348561,3129
417,spring,2012.0,February,no,Tuesday,yes,Clear,1.800866000000001,-0.24434999999999896,59.434799999999996,13.783039,3777
418,spring,2012.0,February,no,Wednesday,yes,Clear,6.229153,4.63335,56.7917,15.709557,4773
419,spring,2012.0,February,no,Thursday,yes,Clear,8.620846999999998,7.222300000000001,55.45830000000001,12.791171,5062
420,spring,2012.0,February,no,Friday,yes,Cloudy,6.7075,5.548549999999999,73.75,15.916989,3487
421,spring,2012.0,February,no,Saturday,no,Clear,1.9241530000000004,-2.2162500000000005,39.5833,28.250014,2732
422,spring,2012.0,February,no,Sunday,no,Clear,1.4458470000000005,-1.5846,41.0,13.750342999999999,3389
423,spring,2012.0,February,no,Monday,yes,Clear,5.033347000000001,2.8977000000000004,49.0833,17.958211000000002,4322
424,spring,2012.0,February,no,Tuesday,yes,Clear,4.725847,2.6762499999999996,39.5833,12.958939,4363
425,spring,2012.0,February,no,Wednesday,yes,Cloudy,4.118267999999999,2.4235000000000007,80.4783,12.000839,1834
426,spring,2012.0,March,no,Thursday,yes,Clear,9.919153000000001,8.768549999999998,61.5417,15.208129,4990
427,spring,2012.0,March,no,Friday,yes,Cloudy,4.4866530000000004,2.9921000000000006,65.7083,9.708568,3194
428,spring,2012.0,March,no,Saturday,no,Cloudy,6.980847000000001,5.674600000000002,62.125,10.792293,4066
429,spring,2012.0,March,no,Sunday,no,Clear,3.359152999999999,0.15104999999999968,40.3333,22.416257,3423
430,spring,2012.0,March,no,Monday,yes,Clear,-0.023347000000001117,-2.9414499999999997,50.625,15.333486,3333
431,spring,2012.0,March,no,Tuesday,yes,Clear,0.5916529999999991,-2.2479000000000013,45.6667,13.458625,3956
432,spring,2012.0,March,no,Wednesday,yes,Clear,6.5708470000000005,4.254999999999999,51.3333,23.167193,4916
433,spring,2012.0,March,no,Thursday,yes,Clear,11.627499999999998,11.230199999999996,56.75,29.584721,5382
434,spring,2012.0,March,no,Friday,yes,Cloudy,6.844152999999999,4.854150000000001,40.708299999999994,27.7916,4569
435,spring,2012.0,March,no,Saturday,no,Clear,1.7874999999999996,-1.111650000000001,35.0417,15.125250000000001,4118
436,spring,2012.0,March,no,Sunday,no,Clear,4.831299,2.9834999999999994,47.6957,14.913329000000001,4911
437,spring,2012.0,March,no,Monday,yes,Clear,9.133347,7.979600000000001,48.9167,13.916771,5298
438,spring,2012.0,March,no,Tuesday,yes,Clear,13.165,12.146450000000002,61.75000000000001,15.87565,5847
439,spring,2012.0,March,no,Wednesday,yes,Clear,13.4725,12.43085,50.708299999999994,7.709153999999994,6312
440,spring,2012.0,March,no,Thursday,yes,Clear,12.857499999999998,11.64125,57.958299999999994,10.042161,6192
441,spring,2012.0,March,no,Friday,yes,Cloudy,7.869153000000001,6.811450000000001,84.20830000000001,7.583864,4378
442,spring,2012.0,March,no,Saturday,no,Cloudy,11.080847000000002,10.252299999999998,75.5833,7.417168,7836
443,spring,2012.0,March,no,Sunday,no,Cloudy,9.372499999999999,8.200000000000003,81.0,8.501161,5892
444,spring,2012.0,March,no,Monday,yes,Clear,12.345000000000002,11.64105,72.875,10.875238999999999,6153
445,spring,2012.0,March,no,Tuesday,yes,Clear,12.994153,11.926650000000002,80.7917,8.125157,6093
446,summer,2012.0,March,no,Wednesday,yes,Cloudy,11.798347,10.6629,82.125,6.000406099999999,6230
447,summer,2012.0,March,no,Thursday,yes,Clear,12.720847,11.57835,83.125,7.876654,6871
448,summer,2012.0,March,no,Friday,yes,Cloudy,14.668346999999997,13.503350000000001,69.41669999999999,7.7921000000000005,8362
449,summer,2012.0,March,no,Saturday,no,Cloudy,10.6025,9.336650000000002,88.5417,12.916461,3372
450,summer,2012.0,March,no,Sunday,no,Cloudy,7.9375,6.874399999999998,88.0833,14.791924999999999,4996
451,summer,2012.0,March,no,Monday,yes,Clear,8.279153,6.9375,47.7917,25.917007,5558
452,summer,2012.0,March,no,Tuesday,yes,Clear,3.256653,0.7827000000000002,28.999999999999996,12.541864,5102
453,summer,2012.0,March,no,Wednesday,yes,Clear,9.850847000000002,8.5475,48.125,19.541957,5698
454,summer,2012.0,March,no,Thursday,yes,Clear,10.260847000000002,9.115200000000002,43.9167,21.41655,6133
455,summer,2012.0,March,no,Friday,yes,Cloudy,5.17,3.7810500000000005,58.0833,9.250489,5459
456,summer,2012.0,March,no,Saturday,no,Cloudy,7.390847000000001,6.0854,73.83330000000001,16.791338999999997,6235
457,summer,2012.0,April,no,Sunday,no,Cloudy,7.459153000000001,5.864350000000002,67.625,11.541889,6041
458,summer,2012.0,April,no,Monday,yes,Clear,7.790433,6.37565,50.43479999999999,20.913313,5936
459,summer,2012.0,April,no,Tuesday,yes,Clear,9.133347,8.07415,39.6667,6.708911,6772
460,summer,2012.0,April,no,Wednesday,yes,Clear,12.208347,11.6725,46.958299999999994,12.125325,6436
461,summer,2012.0,April,no,Thursday,yes,Clear,7.835000000000001,6.558150000000001,37.416700000000006,14.708443,6457
462,summer,2012.0,April,no,Friday,yes,Clear,6.536653000000001,4.538349999999998,37.7083,20.125996,6460
463,summer,2012.0,April,no,Saturday,no,Clear,7.9375,6.306449999999998,25.4167,18.416356999999998,6857
464,summer,2012.0,April,no,Sunday,no,Clear,10.5,9.62125,27.5833,15.583931999999999,5169
465,summer,2012.0,April,no,Monday,yes,Clear,10.055847,8.831900000000001,31.75,23.999132,5585
466,summer,2012.0,April,no,Tuesday,yes,Clear,8.313347,6.81165,43.5,16.708125000000003,5918
467,summer,2012.0,April,no,Wednesday,yes,Clear,4.296536,1.8637000000000015,46.9565,19.783358,4862
468,summer,2012.0,April,no,Thursday,yes,Clear,6.297499999999999,4.3801999999999985,46.625,19.458743,5409
469,summer,2012.0,April,no,Friday,yes,Clear,8.142500000000002,6.5904000000000025,40.8333,10.416557,6398
470,summer,2012.0,April,no,Saturday,no,Clear,10.294999999999998,9.399799999999999,50.291700000000006,12.791439,7460
471,summer,2012.0,April,no,Sunday,no,Clear,14.873346999999999,13.693750000000001,50.79169999999999,15.083643,7132
472,summer,2012.0,April,yes,Monday,no,Clear,17.230846999999997,15.746250000000003,56.166700000000006,19.083543,6370
473,summer,2012.0,April,no,Tuesday,yes,Clear,14.941653000000002,14.92435,39.0417,18.333143,6691
474,summer,2012.0,April,no,Wednesday,yes,Cloudy,8.996652999999998,7.8519000000000005,56.9167,11.250103999999993,4367
475,summer,2012.0,April,no,Thursday,yes,Clear,10.431653,9.6523,61.25000000000001,4.417256399999999,6565
476,summer,2012.0,April,no,Friday,yes,Clear,11.593347000000001,10.78875,69.4583,10.041357,7290
477,summer,2012.0,April,no,Saturday,no,Clear,13.369999999999997,12.146049999999999,68.2917,19.000328999999997,6624
478,summer,2012.0,April,no,Sunday,no,Rain/snow,6.2633469999999996,4.475200000000001,83.54169999999999,23.084582,1027
479,summer,2012.0,April,no,Monday,yes,Cloudy,3.1883469999999985,0.05624999999999858,76.66669999999999,20.334232,3214
480,summer,2012.0,April,no,Tuesday,yes,Clear,6.946653000000001,5.264150000000001,45.4167,16.708661,5633
481,summer,2012.0,April,no,Wednesday,yes,Clear,9.543347,8.51585,42.7917,7.959064,6196
482,summer,2012.0,April,no,Thursday,yes,Cloudy,10.431653,9.17915,75.66669999999999,11.833875,5026
483,summer,2012.0,April,no,Friday,yes,Clear,8.7575,7.63185,40.0833,23.291411,6233
484,summer,2012.0,April,no,Saturday,no,Cloudy,5.443346999999999,3.8751999999999995,48.9583,8.708325,4220
485,summer,2012.0,April,no,Sunday,no,Clear,8.791653,7.506049999999998,58.7083,7.8328359999999995,6304
486,summer,2012.0,April,no,Monday,yes,Cloudy,9.030847000000001,7.8847999999999985,56.99999999999999,11.499746,5572
487,summer,2012.0,May,no,Tuesday,yes,Cloudy,15.146653,13.85105,65.95830000000001,10.458432,5740
488,summer,2012.0,May,no,Wednesday,yes,Clear,13.130847,11.894800000000004,79.7083,9.249885999999998,6169
489,summer,2012.0,May,no,Thursday,yes,Cloudy,12.96,11.862099999999998,76.83330000000001,8.957632,6421
490,summer,2012.0,May,no,Friday,yes,Clear,15.7275,14.545850000000002,73.54169999999999,10.916846,6296
491,summer,2012.0,May,no,Saturday,no,Cloudy,15.488346999999997,14.2304,75.66669999999999,10.250464,6883
492,summer,2012.0,May,no,Sunday,no,Cloudy,13.0625,12.336850000000002,74.0,10.041892999999993,6359
493,summer,2012.0,May,no,Monday,yes,Cloudy,12.037499999999998,11.357099999999999,66.41669999999999,15.458307000000001,6273
494,summer,2012.0,May,no,Tuesday,yes,Cloudy,13.848347,12.873550000000002,68.58330000000001,19.833942999999998,5728
495,summer,2012.0,May,no,Wednesday,yes,Cloudy,13.575,12.651250000000001,74.4167,14.499604,4717
496,summer,2012.0,May,no,Thursday,yes,Clear,10.739152999999998,9.58915,55.2083,21.042220999999998,6572
497,summer,2012.0,May,no,Friday,yes,Clear,11.866653,11.04165,36.0417,15.874779,7030
498,summer,2012.0,May,no,Saturday,no,Clear,13.130847,12.240849999999998,48.0417,8.249911,7429
499,summer,2012.0,May,no,Sunday,no,Clear,15.1125,14.2619,57.62500000000001,15.082839,6118
500,summer,2012.0,May,no,Monday,yes,Cloudy,13.506653,12.495000000000005,78.95830000000001,14.250364,2843
501,summer,2012.0,May,no,Tuesday,yes,Cloudy,15.078346999999997,13.8202,79.45830000000001,9.875264,5115
502,summer,2012.0,May,no,Wednesday,yes,Clear,16.103347,14.798750000000002,69.7917,8.208304,7424
503,summer,2012.0,May,no,Thursday,yes,Clear,14.326653,13.630650000000003,52.0,15.374825000000001,7384
504,summer,2012.0,May,no,Friday,yes,Clear,13.130847,12.556049999999999,52.33330000000001,9.166739,7639
505,summer,2012.0,May,no,Saturday,no,Clear,14.599999999999998,13.345399999999998,45.625,5.626325,8294
506,summer,2012.0,May,no,Sunday,no,Clear,15.454152999999998,14.198350000000001,53.041700000000006,17.042589,7129
507,summer,2012.0,May,no,Monday,yes,Cloudy,14.531652999999999,13.283350000000002,81.125,15.624668,4359
508,summer,2012.0,May,no,Tuesday,yes,Cloudy,15.215,14.041250000000002,76.5833,7.917189,6073
509,summer,2012.0,May,no,Wednesday,yes,Cloudy,15.488346999999997,14.230600000000003,77.45830000000001,6.834,5260
510,summer,2012.0,May,no,Thursday,yes,Clear,16.855,15.335,71.6667,11.584031999999999,6770
511,summer,2012.0,May,no,Friday,yes,Clear,17.880000000000003,16.37645,74.7083,9.41685,6734
512,summer,2012.0,May,no,Saturday,no,Clear,18.392500000000002,17.134800000000006,73.25,13.332464,6536
513,summer,2012.0,May,no,Sunday,no,Clear,18.29,17.07125,69.7083,14.416457,6591
514,summer,2012.0,May,yes,Monday,no,Clear,19.212500000000002,18.965000000000003,67.625,13.166907,6043
515,summer,2012.0,May,no,Tuesday,yes,Clear,19.622500000000002,18.6496,68.4583,19.7918,5743
516,summer,2012.0,May,no,Wednesday,yes,Cloudy,16.923347,15.556450000000002,67.0,9.000043,6855
517,summer,2012.0,May,no,Thursday,yes,Clear,17.880000000000003,16.566450000000003,49.2917,13.083693,7338
518,summer,2012.0,June,no,Friday,yes,Cloudy,16.820847,15.3981,75.5417,15.916720999999999,4127
519,summer,2012.0,June,no,Saturday,no,Clear,13.916653,13.3144,54.9167,12.499654,8120
520,summer,2012.0,June,no,Sunday,no,Clear,14.7025,13.75665,49.3333,12.333829,7641
521,summer,2012.0,June,no,Monday,yes,Clear,14.497500000000002,13.91415,48.7083,19.083811,6998
522,summer,2012.0,June,no,Tuesday,yes,Cloudy,12.174153,11.294600000000003,61.3333,14.041525,7001
523,summer,2012.0,June,no,Wednesday,yes,Clear,12.720847,12.1146,61.12499999999999,5.167375,7055
524,summer,2012.0,June,no,Thursday,yes,Clear,14.7025,13.472100000000001,56.7083,10.542449999999999,7494
525,summer,2012.0,June,no,Friday,yes,Clear,16.615847000000002,14.8931,46.791700000000006,11.750660999999994,7736
526,summer,2012.0,June,no,Saturday,no,Clear,19.144153000000003,17.418350000000004,43.7083,9.667229,7498
527,summer,2012.0,June,no,Sunday,no,Clear,19.793346999999997,18.175850000000004,53.833299999999994,8.959307,6598
528,summer,2012.0,June,no,Monday,yes,Cloudy,19.554153,17.98605,58.791700000000006,13.916771,6664
529,summer,2012.0,June,no,Tuesday,yes,Cloudy,16.786652999999998,14.89375,83.3333,12.125057,4972
530,summer,2012.0,June,no,Wednesday,yes,Clear,16.889153,15.55585,58.2083,22.999693,7421
531,summer,2012.0,June,no,Thursday,yes,Clear,16.581653000000003,16.219150000000003,56.958299999999994,17.000111,7363
532,summer,2012.0,June,no,Friday,yes,Clear,16.205847000000002,14.9877,58.958299999999994,11.833339,7665
533,summer,2012.0,June,no,Saturday,no,Clear,15.898346999999998,14.735400000000002,50.416700000000006,11.166689,7702
534,summer,2012.0,June,no,Sunday,no,Clear,14.2925,13.598749999999999,59.875,9.708568,6978
535,summer,2012.0,June,no,Monday,yes,Cloudy,13.301652999999998,12.2421,77.79169999999999,11.707982000000001,5099
536,summer,2012.0,June,no,Tuesday,yes,Clear,18.221653,17.7346,69.0,9.917139,6825
537,summer,2012.0,June,no,Wednesday,yes,Clear,22.082499999999996,21.04875,59.2083,7.625403999999993,6211
538,autumn,2012.0,June,no,Thursday,yes,Clear,23.039153,22.6271,56.7917,7.958729,5905
539,autumn,2012.0,June,no,Friday,yes,Clear,21.877499999999998,21.206049999999998,57.375,12.250414000000001,5823
540,autumn,2012.0,June,no,Saturday,no,Clear,19.998347,17.6396,53.4583,12.041307,7458
541,autumn,2012.0,June,no,Sunday,no,Clear,20.476653000000002,18.712699999999998,47.9167,9.750174999999999,6891
542,autumn,2012.0,June,no,Monday,yes,Clear,19.349152999999998,17.7021,50.416700000000006,20.125661,6779
543,autumn,2012.0,June,no,Tuesday,yes,Clear,15.864152999999998,14.735199999999999,37.3333,23.292014,7442
544,autumn,2012.0,June,no,Wednesday,yes,Clear,18.5975,17.0396,36.0,18.208925,7335
545,autumn,2012.0,June,no,Thursday,yes,Clear,20.715847,18.775599999999997,42.25,11.50055,6879
546,autumn,2012.0,June,no,Friday,yes,Clear,24.200847000000003,24.33065,48.875,11.082939000000001,5463
547,autumn,2012.0,June,no,Saturday,no,Clear,21.365000000000002,19.3754,60.12499999999999,10.791756999999999,5687
548,autumn,2012.0,July,no,Sunday,no,Clear,23.449153000000003,22.53145,51.87500000000001,11.291442999999994,5531
549,autumn,2012.0,July,no,Monday,yes,Clear,22.048347,20.1019,44.7083,13.082889,6227
550,autumn,2012.0,July,no,Tuesday,yes,Clear,22.014153,20.1325,49.2083,8.457878999999998,6660
551,autumn,2012.0,July,yes,Wednesday,no,Clear,22.355846999999997,21.61685,53.87499999999999,9.041649999999999,7403
552,autumn,2012.0,July,no,Thursday,yes,Clear,23.927500000000002,23.068350000000002,45.7917,12.999943,6241
553,autumn,2012.0,July,no,Friday,yes,Clear,23.961653,22.626649999999998,45.0833,9.791514,6207
554,autumn,2012.0,July,no,Saturday,no,Clear,25.328347,25.245649999999998,49.2083,10.958118,4840
555,autumn,2012.0,July,no,Sunday,no,Clear,23.722500000000004,24.519799999999996,57.375,8.417143,4672
556,autumn,2012.0,July,no,Monday,yes,Cloudy,19.144153000000003,17.7027,68.3333,12.125325,6569
557,autumn,2012.0,July,no,Tuesday,yes,Cloudy,19.554153,18.239800000000002,66.75,10.166378999999994,6290
558,autumn,2012.0,July,no,Wednesday,yes,Clear,19.383347,17.513550000000002,63.3333,10.166110999999994,7264
559,autumn,2012.0,July,no,Thursday,yes,Clear,19.349152999999998,17.73415,52.9583,9.833924999999999,7446
560,autumn,2012.0,July,no,Friday,yes,Cloudy,19.998347,18.39665,48.5833,5.41695,7499
561,autumn,2012.0,July,no,Saturday,no,Cloudy,18.836653,18.302100000000003,69.91669999999999,9.626493,6969
562,autumn,2012.0,July,no,Sunday,no,Clear,20.579152999999998,20.259800000000006,71.7917,11.166689,6031
563,autumn,2012.0,July,no,Monday,yes,Clear,21.296653000000003,21.206250000000004,64.5,11.000529,6830
564,autumn,2012.0,July,no,Tuesday,yes,Clear,23.551653,22.784149999999997,50.583299999999994,7.666743,6786
565,autumn,2012.0,July,no,Wednesday,yes,Clear,22.526652999999996,22.27915,57.7083,9.208614,5713
566,autumn,2012.0,July,no,Thursday,yes,Clear,21.57,20.732100000000003,60.0417,11.083743,6591
567,autumn,2012.0,July,no,Friday,yes,Cloudy,17.299153,15.651250000000001,84.4167,14.000789000000001,5870
568,autumn,2012.0,July,no,Saturday,no,Rain/snow,14.429153,12.495599999999996,86.5417,14.2911,4459
569,autumn,2012.0,July,no,Sunday,no,Cloudy,17.3675,16.156250000000004,76.25,6.2926936,7410
570,autumn,2012.0,July,no,Monday,yes,Clear,20.408347,19.50085,69.41669999999999,9.291761,6966
571,autumn,2012.0,July,no,Tuesday,yes,Clear,20.784153,20.322499999999998,65.5,14.167418,7592
572,autumn,2012.0,July,no,Wednesday,yes,Clear,19.690847,17.7027,45.0,11.0416,8173
573,autumn,2012.0,July,no,Thursday,yes,Clear,21.843347,21.96315,59.666700000000006,19.082470999999998,6861
574,autumn,2012.0,July,no,Friday,yes,Clear,22.048347,21.71085,59.458299999999994,10.250464,6904
575,autumn,2012.0,July,no,Saturday,no,Clear,20.989152999999998,19.880200000000002,61.3333,10.542449999999999,6685
576,autumn,2012.0,July,no,Sunday,no,Clear,19.588347000000002,18.39665,62.375,11.416532,6597
577,autumn,2012.0,July,no,Monday,yes,Clear,19.964153,19.24935,66.875,10.292339,7105
578,autumn,2012.0,July,no,Tuesday,yes,Clear,19.246653,18.144800000000004,70.41669999999999,11.083475,7216
579,autumn,2012.0,August,no,Wednesday,yes,Clear,19.4175,18.3654,67.75,9.458993,7580
580,autumn,2012.0,August,no,Thursday,yes,Clear,20.8525,20.354400000000005,65.95830000000001,8.666718,7261
581,autumn,2012.0,August,no,Friday,yes,Cloudy,21.399153,21.143350000000005,64.25,14.458064,7175
582,autumn,2012.0,August,no,Saturday,no,Clear,22.526652999999996,22.56335,61.3333,17.249686,6824
583,autumn,2012.0,August,no,Sunday,no,Clear,21.535847,21.55395,65.25,19.458206999999998,5464
584,autumn,2012.0,August,no,Monday,yes,Cloudy,20.8525,20.512300000000003,65.4167,8.666718,7013
585,autumn,2012.0,August,no,Tuesday,yes,Cloudy,20.169152999999998,19.881050000000002,70.375,7.8328359999999995,7273
586,autumn,2012.0,August,no,Wednesday,yes,Cloudy,20.75,20.385850000000005,67.29169999999999,7.4169,7534
587,autumn,2012.0,August,no,Thursday,yes,Clear,20.989152999999998,19.9754,62.0417,10.458699999999999,7286
588,autumn,2012.0,August,no,Friday,yes,Cloudy,19.349152999999998,18.397100000000002,71.5833,16.000471,5786
589,autumn,2012.0,August,no,Saturday,no,Cloudy,18.392500000000002,16.91335,73.2917,13.834093,6299
590,autumn,2012.0,August,no,Sunday,no,Clear,18.734153000000003,17.228949999999998,53.041700000000006,8.208304,6544
591,autumn,2012.0,August,no,Monday,yes,Clear,19.554153,18.112700000000004,54.541700000000006,9.126204,6883
592,autumn,2012.0,August,no,Tuesday,yes,Clear,19.793346999999997,18.838950000000004,68.6667,11.333586,6784
593,autumn,2012.0,August,no,Wednesday,yes,Clear,18.973347,17.70185,61.9583,11.374657000000001,7347
594,autumn,2012.0,August,no,Thursday,yes,Clear,19.485847,17.7344,51.916700000000006,9.500332,7605
595,autumn,2012.0,August,no,Friday,yes,Clear,19.656653,-2.879999999999999,57.0833,15.500718,7148
596,autumn,2012.0,August,no,Saturday,no,Clear,17.811653,15.903550000000003,60.3333,11.917089,7865
597,autumn,2012.0,August,no,Sunday,no,Cloudy,16.069153,15.177700000000002,71.1667,5.79215,4549
598,autumn,2012.0,August,no,Monday,yes,Cloudy,16.069153,14.798350000000003,73.4167,8.708592999999993,6530
599,autumn,2012.0,August,no,Tuesday,yes,Clear,16.615847000000002,15.051250000000003,67.375,4.8756436,7006
600,autumn,2012.0,August,no,Wednesday,yes,Clear,17.3675,16.0927,67.7083,4.708981100000001,7375
601,autumn,2012.0,August,no,Thursday,yes,Clear,18.529153,16.8504,63.5833,5.6679186,7765
602,autumn,2012.0,August,no,Friday,yes,Cloudy,18.802500000000002,17.355000000000004,61.5,4.8337686,7582
603,autumn,2012.0,August,no,Saturday,no,Cloudy,17.128347,15.934800000000003,71.2917,16.375336,6053
604,autumn,2012.0,August,no,Sunday,no,Cloudy,16.786652999999998,14.799799999999998,84.5833,15.333486,5255
605,autumn,2012.0,August,no,Monday,yes,Clear,18.836653,17.7344,73.04169999999999,8.625110999999999,6917
606,autumn,2012.0,August,no,Tuesday,yes,Clear,19.861653,18.302500000000002,62.0,12.791975,7040
607,autumn,2012.0,August,no,Wednesday,yes,Clear,18.085,16.786649999999998,55.2083,7.541653999999999,7697
608,autumn,2012.0,August,no,Thursday,yes,Clear,18.973347,17.63895,59.0417,5.1668189,7713
609,autumn,2012.0,August,no,Friday,yes,Clear,21.330847000000002,19.47,58.75,11.291711,7350
610,autumn,2012.0,September,no,Saturday,no,Cloudy,20.886653000000003,20.1327,63.8333,7.5835289999999995,6140
611,autumn,2012.0,September,no,Sunday,no,Cloudy,18.563347,17.450000000000003,81.5,4.2927436,5810
612,autumn,2012.0,September,yes,Monday,no,Clear,19.0075,18.081450000000004,79.0833,10.125107,6034
613,autumn,2012.0,September,no,Tuesday,yes,Clear,19.759152999999998,19.3444,75.5,15.833507,6864
614,autumn,2012.0,September,no,Wednesday,yes,Clear,20.203346999999997,20.449150000000003,74.125,12.583136,7112
615,autumn,2012.0,September,no,Thursday,yes,Cloudy,18.563347,17.766450000000006,81.0417,9.542207,6203
616,autumn,2012.0,September,no,Friday,yes,Clear,18.836653,17.8602,73.625,11.500282,7504
617,autumn,2012.0,September,no,Saturday,no,Cloudy,17.025847000000002,15.556050000000003,79.91669999999999,18.833968000000002,5976
618,autumn,2012.0,September,no,Sunday,no,Clear,15.009999999999998,13.946250000000003,54.75,15.041232,8227
619,autumn,2012.0,September,no,Monday,yes,Clear,13.916653,13.282699999999998,50.375,17.333771000000002,7525
620,autumn,2012.0,September,no,Tuesday,yes,Clear,13.677500000000002,12.7146,52.0,6.1676314,7767
621,autumn,2012.0,September,no,Wednesday,yes,Clear,14.565847000000002,13.50375,57.7083,8.833682,7870
622,autumn,2012.0,September,no,Thursday,yes,Clear,15.1125,13.977900000000002,63.708299999999994,5.5422936,7804
623,autumn,2012.0,September,no,Friday,yes,Clear,15.966653,14.704150000000002,67.25,6.9588209999999995,8009
624,autumn,2012.0,September,no,Saturday,no,Clear,14.941653000000002,14.29335,50.1667,16.583907,8714
625,autumn,2012.0,September,no,Sunday,no,Clear,13.779999999999998,13.15625,56.99999999999999,6.042281099999999,7333
626,autumn,2012.0,September,no,Monday,yes,Cloudy,13.814153000000001,12.652500000000003,73.4583,10.166713999999999,6869
627,autumn,2012.0,September,no,Tuesday,yes,Cloudy,15.556653,13.253349999999998,87.25,23.958329,4073
628,autumn,2012.0,September,no,Wednesday,yes,Clear,12.6525,12.020199999999999,53.6667,14.416725,7591
629,autumn,2012.0,September,no,Thursday,yes,Clear,12.413347000000002,11.6096,61.8333,7.917189,7720
630,autumn,2012.0,September,no,Friday,yes,Clear,14.565847000000002,13.59855,66.875,10.333343000000001,8167
631,autumn,2012.0,September,no,Saturday,no,Clear,16.650000000000002,15.5244,64.6667,19.000061,8395
632,winter,2012.0,September,no,Sunday,no,Clear,11.695847,10.946649999999998,46.7083,14.958286000000001,7907
633,winter,2012.0,September,no,Monday,yes,Clear,11.080847000000002,10.12565,49.2917,9.541068000000001,7436
634,winter,2012.0,September,no,Tuesday,yes,Clear,12.55,12.208949999999998,56.99999999999999,15.833507,7538
635,winter,2012.0,September,no,Wednesday,yes,Clear,16.035,14.830650000000002,63.083299999999994,16.3748,7733
636,winter,2012.0,September,no,Thursday,yes,Cloudy,16.650000000000002,15.398750000000003,69.08330000000001,9.000914,7393
637,winter,2012.0,September,no,Friday,yes,Cloudy,15.385847000000002,14.29315,69.0,10.999993,7415
638,winter,2012.0,September,no,Saturday,no,Clear,12.2425,11.514800000000001,54.2917,15.249468,8555
639,winter,2012.0,September,no,Sunday,no,Clear,11.593347000000001,10.88315,58.3333,9.042186,6889
640,winter,2012.0,October,no,Monday,yes,Cloudy,11.354153,10.600000000000001,64.9167,6.0838814,6778
641,winter,2012.0,October,no,Tuesday,yes,Rain/snow,14.224152999999998,12.116649999999996,87.16669999999999,6.9998249999999995,4639
642,winter,2012.0,October,no,Wednesday,yes,Cloudy,16.9575,14.95665,79.375,4.4585686,7572
643,winter,2012.0,October,no,Thursday,yes,Cloudy,16.9575,15.398750000000003,72.2917,7.875582,7328
644,winter,2012.0,October,no,Friday,yes,Clear,15.215,14.009350000000001,62.74999999999999,7.12545,8156
645,winter,2012.0,October,no,Saturday,no,Clear,12.720847,11.92605,66.41669999999999,17.957675000000002,7965
646,winter,2012.0,October,no,Sunday,no,Cloudy,7.0491530000000004,5.990649999999999,70.8333,9.457853999999994,3510
647,winter,2012.0,October,yes,Monday,no,Cloudy,5.716652999999999,4.380400000000002,70.9583,12.708492999999999,5478
648,winter,2012.0,October,no,Tuesday,yes,Cloudy,8.313347,6.9056,76.16669999999999,12.7501,6392
649,winter,2012.0,October,no,Wednesday,yes,Clear,11.080847000000002,10.1571,63.083299999999994,12.584007,7691
650,winter,2012.0,October,no,Thursday,yes,Clear,7.835000000000001,6.558350000000001,46.3333,12.166932000000001,7570
651,winter,2012.0,October,no,Friday,yes,Clear,7.9375,6.653549999999999,53.91669999999999,15.751164,7282
652,winter,2012.0,October,no,Saturday,no,Clear,6.126653000000001,4.569800000000001,49.4583,9.791514,7109
653,winter,2012.0,October,no,Sunday,no,Clear,11.388347,10.4102,64.0417,18.667004000000002,6639
654,winter,2012.0,October,no,Monday,yes,Cloudy,13.028347,11.9575,70.75,19.834478999999998,5875
655,winter,2012.0,October,no,Tuesday,yes,Clear,9.201653,8.042299999999997,55.833299999999994,12.208807,7534
656,winter,2012.0,October,no,Wednesday,yes,Clear,8.689153000000001,7.505400000000002,69.2917,6.791857,7461
657,winter,2012.0,October,no,Thursday,yes,Cloudy,11.4225,10.631250000000001,72.8333,15.874779,7509
658,winter,2012.0,October,no,Friday,yes,Cloudy,13.096653,11.894800000000004,81.5,9.041917999999999,5424
659,winter,2012.0,October,no,Saturday,no,Clear,9.850847000000002,8.6421,57.2917,7.874979,8090
660,winter,2012.0,October,no,Sunday,no,Clear,9.030847000000001,7.821449999999999,51.0,11.125618000000001,6824
661,winter,2012.0,October,no,Monday,yes,Clear,9.9875,9.147099999999998,56.833299999999994,5.4593811,7058
662,winter,2012.0,October,no,Tuesday,yes,Clear,12.310846999999999,11.5152,64.16669999999999,6.3345686,7466
663,winter,2012.0,October,no,Wednesday,yes,Clear,14.087500000000002,12.936050000000002,63.625,4.876206399999994,7693
664,winter,2012.0,October,no,Thursday,yes,Cloudy,12.55,11.4844,80.0417,8.333125,7359
665,winter,2012.0,October,no,Friday,yes,Cloudy,12.379153000000002,11.137500000000003,80.7083,8.875289,7444
666,winter,2012.0,October,no,Saturday,no,Cloudy,11.73,10.756649999999997,72.0,15.791364000000002,7852
667,winter,2012.0,October,no,Sunday,no,Cloudy,9.5775,8.388549999999999,69.4583,26.666535999999997,4459
668,winter,2012.0,October,no,Monday,yes,Rain/snow,8.04,6.969999999999999,88.0,23.9994,22
669,winter,2012.0,October,no,Tuesday,yes,Cloudy,3.0454620000000006,0.49544999999999995,82.54549999999999,14.271603,1096
670,winter,2012.0,October,no,Wednesday,yes,Cloudy,4.657499999999999,3.0549999999999997,66.6667,11.166689,5566
671,winter,2012.0,November,no,Thursday,yes,Cloudy,4.9991530000000015,3.4970999999999997,58.166700000000006,10.542182,5986
672,winter,2012.0,November,no,Friday,yes,Clear,4.555,2.802100000000003,52.208299999999994,17.833725,5847
673,winter,2012.0,November,no,Saturday,no,Cloudy,4.076653,1.1922999999999995,49.125,18.125443,5138
674,winter,2012.0,November,no,Sunday,no,Clear,3.359152999999999,1.4769000000000005,53.2917,12.000236,5107
675,winter,2012.0,November,no,Monday,yes,Clear,3.0858469999999993,0.4037499999999987,49.416700000000006,15.833775000000001,5259
676,winter,2012.0,November,no,Tuesday,yes,Clear,1.5141530000000003,-0.9216499999999996,56.7083,11.625371,5686
677,winter,2012.0,November,no,Wednesday,yes,Cloudy,2.1291530000000005,-1.2689500000000002,54.75,20.375236,5035
678,winter,2012.0,November,no,Thursday,yes,Clear,4.439133999999999,2.0945500000000017,33.3478,23.304945,5315
679,winter,2012.0,November,no,Friday,yes,Clear,4.828347000000001,2.77065,54.0833,14.375386,5992
680,winter,2012.0,November,no,Saturday,no,Clear,5.955846999999999,4.696849999999998,64.5417,3.8756686,6536
681,winter,2012.0,November,no,Sunday,no,Clear,7.254153000000002,6.085650000000001,65.9167,8.5425,6852
682,winter,2012.0,November,yes,Monday,no,Clear,9.884999999999998,8.76915,74.16669999999999,11.625639,6269
683,winter,2012.0,November,no,Tuesday,yes,Cloudy,4.076653,1.161249999999999,66.29169999999999,22.917082,4094
684,winter,2012.0,November,no,Wednesday,yes,Clear,1.8558470000000007,-0.9218499999999992,55.2083,13.374875,5495
685,winter,2012.0,November,no,Thursday,yes,Cloudy,3.1883469999999985,1.2245999999999988,62.0417,10.250128999999994,5445
686,winter,2012.0,November,no,Friday,yes,Clear,4.145,2.360199999999999,52.4583,11.458675000000001,5698
687,winter,2012.0,November,no,Saturday,no,Clear,3.325000000000001,1.3191500000000005,54.541700000000006,12.041843,5629
688,winter,2012.0,November,no,Sunday,no,Clear,4.0425,1.8872999999999998,69.2917,15.250004,4669
689,winter,2012.0,November,no,Monday,yes,Cloudy,5.614152999999998,3.7810500000000005,62.3333,15.749489,5499
690,winter,2012.0,November,no,Tuesday,yes,Cloudy,5.340847000000002,4.033349999999999,68.5,5.542575,5634
691,winter,2012.0,November,no,Wednesday,yes,Clear,4.4866530000000004,3.2445999999999984,61.375,6.917482000000001,5146
692,winter,2012.0,November,yes,Thursday,no,Clear,3.9400000000000013,2.5185499999999976,58.0417,3.5423436,2425
693,winter,2012.0,November,no,Friday,yes,Clear,5.101653000000001,3.9389499999999984,56.875,9.917407,3910
694,winter,2012.0,November,no,Saturday,no,Clear,1.4116529999999994,-2.562900000000001,40.4583,25.250357,2277
695,winter,2012.0,November,no,Sunday,no,Clear,0.0791529999999998,-2.120849999999999,46.8333,10.083499999999999,2424
696,winter,2012.0,November,no,Monday,yes,Clear,2.846652999999998,1.9502000000000024,53.541700000000006,3.1255499999999996,5087
697,winter,2012.0,November,no,Tuesday,yes,Cloudy,1.9583469999999998,-0.9221000000000004,78.6667,15.916654,3959
698,winter,2012.0,November,no,Wednesday,yes,Clear,2.163347,-0.5118999999999989,50.625,14.125007,5260
699,winter,2012.0,November,no,Thursday,yes,Clear,1.51567,-0.07889999999999908,55.565200000000004,7.739974,5323
700,winter,2012.0,November,no,Friday,yes,Clear,2.2316530000000014,1.1933500000000024,64.95830000000001,3.9175436,5668
701,winter,2012.0,December,no,Saturday,no,Cloudy,2.2316530000000014,0.8452000000000002,80.6667,4.000181399999994,5191
702,winter,2012.0,December,no,Sunday,no,Cloudy,5.3920765,4.3174999999999955,82.3333,8.333393000000001,4649
703,winter,2012.0,December,no,Monday,yes,Clear,8.552500000000002,7.7898,76.75,5.5422936,6234
704,winter,2012.0,December,no,Tuesday,yes,Clear,9.509153000000001,8.4527,73.375,11.666643,6606
705,winter,2012.0,December,no,Wednesday,yes,Clear,7.971653,6.400600000000001,48.5,21.709407,5729
706,winter,2012.0,December,no,Thursday,yes,Clear,0.4891529999999982,-2.0898000000000003,50.875,11.708518,5375
707,winter,2012.0,December,no,Friday,yes,Cloudy,3.154152999999999,1.0979000000000028,76.4167,8.7502,5008
708,winter,2012.0,December,no,Saturday,no,Cloudy,5.648346999999999,4.4754000000000005,91.125,6.792393,5582
709,winter,2012.0,December,no,Sunday,no,Cloudy,5.7508469999999985,4.507300000000001,90.5417,10.584325,3228
710,winter,2012.0,December,no,Monday,yes,Cloudy,7.869153000000001,6.778749999999999,92.5,12.750636,5170
711,winter,2012.0,December,no,Tuesday,yes,Cloudy,4.4866530000000004,1.9181500000000007,59.666700000000006,19.834478999999998,5501
712,winter,2012.0,December,no,Wednesday,yes,Cloudy,2.1975,-0.13310000000000066,53.833299999999994,10.916779,5319
713,winter,2012.0,December,no,Thursday,yes,Clear,2.1291530000000005,-0.2905999999999995,48.5833,11.666643,5532
714,winter,2012.0,December,no,Friday,yes,Clear,1.5483469999999997,-0.2904,64.29169999999999,8.792342999999994,5611
715,winter,2012.0,December,no,Saturday,no,Clear,3.2908469999999994,1.9191499999999984,65.0417,7.12545,5047
716,winter,2012.0,December,no,Sunday,no,Cloudy,4.862499999999999,3.4969,83.875,6.749714,3786
717,winter,2012.0,December,no,Monday,yes,Cloudy,6.126653000000001,5.075000000000003,90.7083,6.583306100000001,4585
718,winter,2012.0,December,no,Tuesday,yes,Clear,6.844152999999999,5.485400000000002,66.625,14.834067999999998,5557
719,winter,2012.0,December,no,Wednesday,yes,Clear,3.6325000000000003,2.1081000000000003,62.5417,12.334164000000001,5267
720,winter,2012.0,December,no,Thursday,yes,Cloudy,3.530000000000001,1.7608499999999978,66.79169999999999,8.875021,4128
721,spring,2012.0,December,no,Friday,yes,Cloudy,3.3933469999999986,0.08835000000000015,55.666700000000006,25.083661000000003,3623
722,spring,2012.0,December,no,Saturday,no,Clear,0.8991530000000001,-3.19435,44.125,27.292182,1749
723,spring,2012.0,December,no,Sunday,no,Clear,0.0791529999999998,-2.0264500000000005,51.5417,8.916560999999993,1787
724,spring,2012.0,December,no,Monday,yes,Cloudy,-0.5165360000000003,-2.0549999999999997,79.1304,5.1744367999999925,920
725,spring,2012.0,December,yes,Tuesday,no,Cloudy,1.9434640000000005,-0.2767500000000016,73.47829999999999,11.304642,1013
726,spring,2012.0,December,no,Wednesday,yes,Rain/snow,-0.023347000000001117,-3.9833499999999997,82.3333,21.208582,441
727,spring,2012.0,December,no,Thursday,yes,Cloudy,0.4208469999999984,-3.6678999999999995,65.29169999999999,23.458911,2114
728,spring,2012.0,December,no,Friday,yes,Cloudy,0.386652999999999,-2.2477,59.0,10.416557,3095
729,spring,2012.0,December,no,Saturday,no,Cloudy,0.386652999999999,-2.879999999999999,75.2917,8.333661,1341
730,spring,2012.0,December,no,Sunday,no,Clear,0.4891529999999982,-3.415000000000001,48.3333,23.500518,1796
731,spring,2012.0,December,no,Monday,no,Cloudy,-1.1508470000000006,-3.8256499999999996,57.75,10.374682,2729
